{
  "x": 221.96875,
  "y": 187.953125,
  "width": 116.4375,
  "height": 18.5
}