{
  "x": 237.96875,
  "y": 335.765625,
  "width": 175.984375,
  "height": 18.5
}