{
  "x": 471.96875,
  "y": 298.8125,
  "width": 150.9296875,
  "height": 18.5
}